{
  "height": 53.694915254237287,
  "width": 525.96610169491532,
  "x": 19.525423728813561,
  "y": 214.77966101694915,
  "z": 6000
}