{
  "height": 46.141522029372496,
  "width": 218.74499332443256,
  "x": 49.559412550066753,
  "y": 0,
  "z": 7000
}