{
  "height": 69.448818897637793,
  "width": 177,
  "x": 365.47283043019286,
  "y": 562.23466253119761,
  "z": 6000
}