{
  "height": 107.66355140186916,
  "width": 704.08544726301727,
  "x": 15.380507343124165,
  "y": 15.380507343124165,
  "z": 0
}