{
  "height": 378.42519685039366,
  "width": 535.74803149606294,
  "x": 731.33858267716528,
  "y": 143.14960629921259,
  "z": 2000
}