{
  "height": 79.9322033898305,
  "width": 440.54237288135596,
  "x": 3.6610169491525424,
  "y": 202.57627118644069,
  "z": 0
}