{
  "height": 63.779527559055111,
  "width": 599.5275590551181,
  "x": 19.84251968503937,
  "y": 48.188976377952756,
  "z": 9000
}