{
  "height": 147.4015748031496,
  "width": 551.33858267716528,
  "x": 15.590551181102361,
  "y": 58.110236220472437,
  "z": 9000
}