{
  "height": 90.305084745762713,
  "width": 354.50847457627117,
  "x": 732.81355932203394,
  "y": 53.084745762711869,
  "z": 5000
}