{
  "height": 147.66101694915255,
  "width": 686.4406779661017,
  "x": 11.593220338983052,
  "y": 53.694915254237287,
  "z": 4000
}