{
  "height": 403.90243902439028,
  "width": 549.40766550522653,
  "x": 0,
  "y": 155.54006968641116,
  "z": 1000
}