{
  "height": 133.29773030707608,
  "width": 760.48064085447254,
  "x": 3.4178905206942587,
  "y": 51.268357810413882,
  "z": 4000
}