{
  "height": 51.268357810413882,
  "width": 114.49933244325767,
  "x": 46.141522029372496,
  "y": 0,
  "z": 9000
}