{
  "height": 462.04724409448818,
  "width": 1207.55905511811,
  "x": 19.84251968503937,
  "y": 160.15748031496062,
  "z": 4000
}