{
  "height": 324.69959946595458,
  "width": 673.324432576769,
  "x": 0,
  "y": 309.3190921228304,
  "z": 3000
}