{
  "height": 49.423728813559322,
  "width": 391.728813559322,
  "x": 39.050847457627121,
  "y": 0,
  "z": 4000
}