{
  "height": 64,
  "width": 176,
  "x": 35.912674759169413,
  "y": 560.19006436268342,
  "z": 6000
}