{
  "height": 64,
  "width": 176,
  "x": 350.73470944774391,
  "y": 546.53063715720657,
  "z": 6000
}