{
  "height": 86.033898305084747,
  "width": 438.71186440677968,
  "x": 603.457627118644,
  "y": 183.05084745762713,
  "z": 1000
}