{
  "height": 360,
  "width": 625.03937007874015,
  "x": 610.86614173228338,
  "y": 250.86614173228344,
  "z": 3000
}