{
  "height": 329.38754503345342,
  "width": 644.28203808543481,
  "x": 604.02290938542615,
  "y": 306.29426854324629,
  "z": 3000
}