{
  "height": 83.664436438497162,
  "width": 439.40298507462683,
  "x": 623.8600102933608,
  "y": 28.9861039629439,
  "z": 0
}