{
  "height": 38.267716535433067,
  "width": 276.37795275590548,
  "x": 330.23622047244095,
  "y": 622.20472440944877,
  "z": 3000
}