{
  "height": 369.61672473867594,
  "width": 602.09059233449477,
  "x": 7.526132404181185,
  "y": 260.06968641114986,
  "z": 3000
}