{
  "height": 48.0905815748842,
  "width": 420.29850746268653,
  "x": 44.137931034482754,
  "y": 0,
  "z": 5000
}