{
  "height": 29.674620390455534,
  "width": 253.01518438177877,
  "x": 741.86550976138835,
  "y": 121.82212581344903,
  "z": 3000
}