{
  "height": 334.37288135593224,
  "width": 680.33898305084745,
  "x": 9.76271186440678,
  "y": 259.93220338983053,
  "z": 3000
}