{
  "height": 50.066906845084915,
  "width": 312.2593926917138,
  "x": 50.066906845084915,
  "y": 7.9053010808028814,
  "z": 8000
}