{
  "height": 496.67796610169495,
  "width": 601.62711864406776,
  "x": 587.59322033898309,
  "y": 124.47457627118645,
  "z": 3000
}