{
  "height": 64,
  "width": 176,
  "x": 1072.8687642322593,
  "y": 548.43974792633924,
  "z": 9000
}