{
  "height": 441.53310104529618,
  "width": 603.76306620209061,
  "x": 35.958188153310104,
  "y": 173.10104529616726,
  "z": 3000
}