{
  "height": 84.20338983050847,
  "width": 439.32203389830511,
  "x": 13.423728813559322,
  "y": 161.08474576271186,
  "z": 0
}