{
  "height": 48.203389830508478,
  "width": 304.47457627118644,
  "x": 67.118644067796609,
  "y": 0,
  "z": 6000
}