{
  "height": 348.66141732283461,
  "width": 508.81889763779526,
  "x": 15.590551181102361,
  "y": 194.17322834645668,
  "z": 2000
}