{
  "height": 327.98264642082432,
  "width": 645.03253796095453,
  "x": 602.86334056399141,
  "y": 282.68980477223431,
  "z": 3000
}