{
  "height": 399.72125435540073,
  "width": 734.21602787456447,
  "x": 546.06271777003485,
  "y": 206.55052264808364,
  "z": 2000
}