{
  "height": 86.456692913385822,
  "width": 720,
  "x": 48.188976377952756,
  "y": 111.96850393700787,
  "z": 2000
}