{
  "height": 92.13559322033899,
  "width": 723.66101694915255,
  "x": 5.491525423728814,
  "y": 54.305084745762713,
  "z": 2000
}