{
  "height": 77.952755905511808,
  "width": 341.57480314960628,
  "x": 432.28346456692913,
  "y": 124.72440944881889,
  "z": 4000
}