{
  "height": 64.572823433685926,
  "width": 772.79088689991863,
  "x": 19.788445890968266,
  "y": 47.908868999186325,
  "z": 1000
}