{
  "height": 73.220338983050851,
  "width": 381.35593220338984,
  "x": 719.38983050847457,
  "y": 39.661016949152547,
  "z": 5000
}