{
  "height": 433.70078740157476,
  "width": 717.16535433070862,
  "x": 549.9212598425197,
  "y": 145.98425196850394,
  "z": 2000
}