{
  "height": 32.820512820512825,
  "width": 497.09401709401715,
  "x": 25.982905982905983,
  "y": 599.65811965811974,
  "z": 1000
}