{
  "height": 79.9322033898305,
  "width": 439.93220338983053,
  "x": 17.694915254237287,
  "y": 159.25423728813558,
  "z": 0
}