{
  "height": 356.84518013631936,
  "width": 619.746835443038,
  "x": 14.722492697176241,
  "y": 212.42453748782862,
  "z": 2000
}