{
  "height": 473.38582677165351,
  "width": 579.6850393700787,
  "x": 38.267716535433067,
  "y": 157.32283464566927,
  "z": 1000
}