{
  "height": 71.863303498779487,
  "width": 532.20504475183077,
  "x": 40.618388934092756,
  "y": 213.50691619202604,
  "z": 6000
}