{
  "height": 343.22182192485843,
  "width": 657.457539886773,
  "x": 592.2388059701492,
  "y": 251.65208440555841,
  "z": 3000
}