{
  "height": 451.28205128205133,
  "width": 1243.7606837606838,
  "x": 15.726495726495727,
  "y": 136.06837606837607,
  "z": 2000
}