{
  "height": 50.033898305084747,
  "width": 485.69491525423729,
  "x": 39.050847457627121,
  "y": 4.2711864406779663,
  "z": 3000
}