{
  "height": 433.70078740157476,
  "width": 720,
  "x": 48.188976377952756,
  "y": 232.44094488188975,
  "z": 1000
}