{
  "height": 356.84518013631936,
  "width": 600.81791626095423,
  "x": 666.01752677702041,
  "y": 212.42453748782862,
  "z": 3000
}