{
  "height": 399.72125435540073,
  "width": 515.95818815331006,
  "x": 24.250871080139373,
  "y": 206.55052264808364,
  "z": 1000
}