{
  "height": 139.72881355932205,
  "width": 705.96610169491532,
  "x": 6.7118644067796609,
  "y": 49.423728813559322,
  "z": 2000
}