{
  "height": 459.2125984251968,
  "width": 720,
  "x": 48.188976377952756,
  "y": 208.34645669291336,
  "z": 1000
}