{
  "height": 69.448818897637793,
  "width": 177,
  "x": 208.14999578452364,
  "y": 562.23466253119761,
  "z": 5000
}