{
  "height": 52.97730307076101,
  "width": 432.36315086782372,
  "x": 42.723631508678231,
  "y": 0,
  "z": 6000
}