{
  "height": 27.5,
  "width": 285.83333333333337,
  "x": 393.33333333333337,
  "y": 639.16666666666674,
  "z": 3000
}