{
  "height": 51.864406779661017,
  "width": 546.10169491525426,
  "x": 512.542372881356,
  "y": 248.33898305084747,
  "z": 5000
}