{
  "height": 314.23728813559325,
  "width": 796.271186440678,
  "x": 3.050847457627119,
  "y": 318.50847457627117,
  "z": 3000
}