{
  "height": 53.360782295419455,
  "width": 502.64539372104991,
  "x": 43.479155944415851,
  "y": 4.6114256304683474,
  "z": 4000
}