{
  "height": 68.031496062992119,
  "width": 620.78740157480308,
  "x": 49.606299212598422,
  "y": 79.370078740157481,
  "z": 2000
}