{
  "height": 93.762486126526085,
  "width": 703.92896781354057,
  "x": 15.627081021087681,
  "y": 15.627081021087681,
  "z": 0
}