{
  "height": 85.64076170869788,
  "width": 440.72053525476065,
  "x": 614.637159032424,
  "y": 140.31909418425116,
  "z": 1000
}