{
  "height": 189.06845084920226,
  "width": 1051.4050437467833,
  "x": 37.55018013381369,
  "y": 0,
  "z": 3000
}