{
  "height": 64,
  "width": 176,
  "x": 720.86876423225942,
  "y": 548.43974792633924,
  "z": 7000
}