{
  "height": 399.6850393700787,
  "width": 430.86614173228344,
  "x": 36.8503937007874,
  "y": 150.23622047244095,
  "z": 0
}