{
  "height": 71.389830508474574,
  "width": 345.35593220338984,
  "x": 740.135593220339,
  "y": 61.6271186440678,
  "z": 5000
}