{
  "height": 59.527559055118104,
  "width": 698.74015748031491,
  "x": 49.606299212598422,
  "y": 8.5039370078740149,
  "z": 1000
}