{
  "height": 84.8135593220339,
  "width": 439.93220338983053,
  "x": 11.593220338983052,
  "y": 219.66101694915255,
  "z": 0
}