{
  "height": 69.448818897637793,
  "width": 157,
  "x": 958.11023622047242,
  "y": 520.15748031496059,
  "z": 6000
}