{
  "height": 90.305084745762713,
  "width": 441.15254237288138,
  "x": 512.542372881356,
  "y": 140.94915254237287,
  "z": 4000
}