{
  "height": 49.606299212598422,
  "width": 280.62992125984249,
  "x": 439.37007874015745,
  "y": 260.78740157480314,
  "z": 6000
}