{
  "height": 293.38582677165351,
  "width": 687.40157480314951,
  "x": 0,
  "y": 342.99212598425197,
  "z": 3000
}