{
  "height": 53.85826771653543,
  "width": 360,
  "x": 754.01574803149606,
  "y": 103.46456692913385,
  "z": 3000
}