{
  "height": 84.20338983050847,
  "width": 441.15254237288138,
  "x": 7.9322033898305087,
  "y": 197.08474576271186,
  "z": 0
}