{
  "height": 46.983050847457626,
  "width": 612,
  "x": 61.016949152542374,
  "y": 4.88135593220339,
  "z": 2000
}