{
  "height": 64,
  "width": 176,
  "x": 371.91267475916936,
  "y": 560.19006436268342,
  "z": 4000
}