{
  "height": 64,
  "width": 176,
  "x": 14.734709447743978,
  "y": 546.53063715720657,
  "z": 4000
}