{
  "height": 143.38983050847457,
  "width": 722.4406779661017,
  "x": 15.254237288135593,
  "y": 46.372881355932208,
  "z": 4000
}