{
  "height": 85.402766476810413,
  "width": 447.84377542717652,
  "x": 32.286411716842963,
  "y": 128.10414971521561,
  "z": 3000
}