{
  "height": 117.76271186440678,
  "width": 1050.7118644067798,
  "x": 41.491525423728817,
  "y": 5.491525423728814,
  "z": 3000
}