{
  "height": 79.711785898095727,
  "width": 440.06176016469374,
  "x": 631.76531137416362,
  "y": 34.915079773546061,
  "z": 0
}