{
  "height": 139.72881355932205,
  "width": 651.66101694915255,
  "x": 11.593220338983052,
  "y": 57.966101694915253,
  "z": 3000
}