{
  "height": 88.47457627118645,
  "width": 1054.3728813559321,
  "x": 13.423728813559322,
  "y": 56.135593220338983,
  "z": 1000
}