{
  "height": 154.9367088607595,
  "width": 703.8753651411879,
  "x": 15.423563777994158,
  "y": 15.423563777994158,
  "z": 0
}