{
  "height": 415.2755905511811,
  "width": 576.85039370078732,
  "x": 8.5039370078740149,
  "y": 126.14173228346456,
  "z": 2000
}