{
  "height": 317.48031496062993,
  "width": 650.55118110236219,
  "x": 63.779527559055111,
  "y": 287.71653543307087,
  "z": 3000
}