{
  "height": 48.188976377952756,
  "width": 565.511811023622,
  "x": 15.590551181102361,
  "y": 221.10236220472439,
  "z": 6000
}