{
  "height": 399.90054880082471,
  "width": 1229.5078984870077,
  "x": 17.386980382644552,
  "y": 218.57918195324581,
  "z": 1000
}