{
  "height": 294.71186440677968,
  "width": 497.28813559322037,
  "x": 28.067796610169491,
  "y": 196.47457627118644,
  "z": 2000
}