{
  "height": 145.260347129506,
  "width": 1018.5313751668891,
  "x": 54.686248331108139,
  "y": 3.4178905206942587,
  "z": 3000
}