{
  "height": 89.694915254237287,
  "width": 334.37288135593224,
  "x": 762.71186440677968,
  "y": 46.372881355932208,
  "z": 5000
}