{
  "height": 69.448818897637793,
  "width": 157,
  "x": 1108.3464566929133,
  "y": 520.15748031496059,
  "z": 7000
}