{
  "height": 39.305740987983974,
  "width": 100.82777036048063,
  "x": 3.4178905206942587,
  "y": 0,
  "z": 1000
}