{
  "height": 83.593220338983059,
  "width": 438.71186440677968,
  "x": 610.77966101694915,
  "y": 154.98305084745763,
  "z": 1000
}