{
  "height": 83.593220338983059,
  "width": 439.32203389830511,
  "x": 618.71186440677968,
  "y": 183.05084745762713,
  "z": 1000
}