{
  "height": 360.61016949152543,
  "width": 500.94915254237287,
  "x": 753.5593220338983,
  "y": 144.61016949152543,
  "z": 2000
}