{
  "height": 208.49132176234977,
  "width": 1088.5981308411215,
  "x": 15.380507343124165,
  "y": 0,
  "z": 0
}