{
  "height": 449.29133858267716,
  "width": 391.18110236220468,
  "x": 754.01574803149606,
  "y": 168.66141732283464,
  "z": 2000
}