{
  "height": 440.96938893381076,
  "width": 603.73062261753489,
  "x": 675.64837703592468,
  "y": 174.11666859189094,
  "z": 4000
}