{
  "height": 345.77705451586655,
  "width": 623.85679414157846,
  "x": 32.286411716842963,
  "y": 285.37021969080553,
  "z": 5000
}