{
  "height": 38.267716535433067,
  "width": 276.37795275590548,
  "x": 432.28346456692913,
  "y": 637.79527559055111,
  "z": 3000
}