{
  "height": 39.685039370078741,
  "width": 100.62992125984252,
  "x": 17.00787401574803,
  "y": 0,
  "z": 0
}