{
  "height": 99.457627118644069,
  "width": 612.61016949152543,
  "x": 9.76271186440678,
  "y": 51.254237288135592,
  "z": 4000
}