{
  "height": 50.644067796610173,
  "width": 412.47457627118644,
  "x": 36,
  "y": 5.491525423728814,
  "z": 2000
}