{
  "height": 364.251968503937,
  "width": 576.85039370078732,
  "x": 32.598425196850393,
  "y": 269.29133858267716,
  "z": 3000
}