{
  "height": 100.82777036048063,
  "width": 644.27236315086782,
  "x": 13.671562082777035,
  "y": 52.97730307076101,
  "z": 4000
}