{
  "height": 79.9322033898305,
  "width": 439.93220338983053,
  "x": 6.7118644067796609,
  "y": 206.84745762711864,
  "z": 0
}