{
  "height": 64,
  "width": 160,
  "x": 190.734709447744,
  "y": 546.53063715720657,
  "z": 5000
}