{
  "height": 64,
  "width": 160,
  "x": 211.91267475916942,
  "y": 560.19006436268342,
  "z": 5000
}