{
  "height": 69.448818897637793,
  "width": 177,
  "x": 36.653932792397633,
  "y": 562.23466253119761,
  "z": 4000
}