{
  "height": 365.66929133858264,
  "width": 605.19685039370074,
  "x": 640.62992125984249,
  "y": 204.09448818897636,
  "z": 5000
}