{
  "height": 97.795275590551171,
  "width": 551.33858267716528,
  "x": 19.84251968503937,
  "y": 94.960629921259837,
  "z": 9000
}