{
  "height": 59.813084112149525,
  "width": 389.63951935914548,
  "x": 49.559412550066753,
  "y": 8.544726301735647,
  "z": 7000
}