{
  "height": 292.271186440678,
  "width": 538.16949152542372,
  "x": 23.186440677966104,
  "y": 322.16949152542372,
  "z": 5000
}