{
  "height": 53.694915254237287,
  "width": 299.59322033898309,
  "x": 43.932203389830512,
  "y": 0,
  "z": 2000
}