{
  "height": 91.525423728813564,
  "width": 333.15254237288138,
  "x": 774.9152542372882,
  "y": 39.050847457627121,
  "z": 5000
}