{
  "height": 436.53543307086613,
  "width": 513.07086614173227,
  "x": 752.59842519685037,
  "y": 111.96850393700787,
  "z": 1000
}