{
  "height": 365.66929133858264,
  "width": 586.771653543307,
  "x": 19.84251968503937,
  "y": 192.75590551181102,
  "z": 4000
}