{
  "height": 32.950340798442063,
  "width": 384.88802336903603,
  "x": 14.722492697176241,
  "y": 587.49756572541378,
  "z": 1000
}