{
  "height": 52.440944881889763,
  "width": 325.98425196850394,
  "x": 39.685039370078741,
  "y": 569.763779527559,
  "z": 6000
}