{
  "height": 75.118110236220474,
  "width": 568.34645669291331,
  "x": 9.9212598425196852,
  "y": 65.196850393700785,
  "z": 5000
}