{
  "height": 32.469959946595459,
  "width": 270.01335113484646,
  "x": 439.19893190921226,
  "y": 237.54339118825098,
  "z": 10000
}