{
  "height": 55.525423728813564,
  "width": 350.84745762711867,
  "x": 50.033898305084747,
  "y": 20.135593220338983,
  "z": 1000
}