{
  "height": 314.84745762711867,
  "width": 585.15254237288138,
  "x": 11.593220338983052,
  "y": 305.69491525423729,
  "z": 3000
}