{
  "height": 31.055737704918034,
  "width": 179.61967213114755,
  "x": 570.75409836065569,
  "y": 631.18688524590164,
  "z": 10000
}