{
  "height": 51.254237288135592,
  "width": 173.28813559322035,
  "x": 41.491525423728817,
  "y": 0,
  "z": 9000
}