{
  "height": 72,
  "width": 352.06779661016952,
  "x": 709.01694915254234,
  "y": 46.983050847457626,
  "z": 6000
}