{
  "height": 47.908868999186325,
  "width": 237.4613506916192,
  "x": 40.618388934092756,
  "y": 0,
  "z": 2000
}