{
  "height": 367.08661417322833,
  "width": 558.42519685039372,
  "x": 29.763779527559052,
  "y": 187.08661417322833,
  "z": 1000
}