{
  "height": 400.55749128919859,
  "width": 1230.1045296167247,
  "x": 15.05226480836237,
  "y": 197.35191637630663,
  "z": 1000
}